[
  {
    "pk": 1, 
    "model": "step10.questiontype", 
    "fields": {
      "type_name": "bool"
    }
  }, 
  {
    "pk": 2, 
    "model": "step10.questiontype", 
    "fields": {
      "type_name": "text"
    }
  }, 
  {
    "pk": 3, 
    "model": "step10.questiontype", 
    "fields": {
      "type_name": "bool_text"
    }
  }, 
  {
    "pk": 1, 
    "model": "step10.questionset", 
    "fields": {
      "name": "10-\u0448\u0430\u0433 \u0410\u043d\u043e\u043d\u0438\u043c\u043d\u044b\u0445 \u041d\u0430\u0440\u043a\u043e\u043c\u0430\u043d\u043e\u0432"
    }
  }, 
  {
    "pk": 1, 
    "model": "step10.question", 
    "fields": {
      "text": "\u041f\u043e\u0434\u0442\u0432\u0435\u0440\u0434\u0438\u043b \u043b\u0438 \u044f \u0432\u043d\u043e\u0432\u044c \u0441\u0435\u0433\u043e\u0434\u043d\u044f \u0441\u0432\u043e\u044e \u0432\u0435\u0440\u0443 \u0432 \u043b\u044e\u0431\u044f\u0449\u0435\u0433\u043e, \u0437\u0430\u0431\u043e\u0442\u043b\u0438\u0432\u043e\u0433\u043e \u0411\u043e\u0433\u0430?", 
      "type": 1, 
      "question_set": 1
    }
  }, 
  {
    "pk": 2, 
    "model": "step10.question", 
    "fields": {
      "text": "\u0423\u0432\u0438\u0434\u0435\u043b \u043b\u0438 \u044f \u0441\u0435\u0433\u043e\u0434\u043d\u044f, \u0447\u0442\u043e \u043c\u043e\u044f \u0412\u044b\u0441\u0448\u0430\u044f \u0421\u0438\u043b\u0430 \u0441\u043e\u043f\u0440\u043e\u0432\u043e\u0436\u0434\u0430\u043b\u0430 \u043c\u0435\u043d\u044f? \u0412 \u0447\u0435\u043c \u0438\u043c\u0435\u043d\u043d\u043e?", 
      "type": 1, 
      "question_set": 1
    }
  }, 
  {
    "pk": 3, 
    "model": "step10.question", 
    "fields": {
      "text": "\u0427\u0442\u043e \u044f \u0441\u0434\u0435\u043b\u0430\u043b \u043f\u043e\u043b\u0435\u0437\u043d\u043e\u0433\u043e \u0434\u043b\u044f \u0411\u043e\u0433\u0430 \u0438 \u043e\u043a\u0440\u0443\u0436\u0430\u044e\u0449\u0438\u0445 \u043c\u0435\u043d\u044f \u043b\u044e\u0434\u0435\u0439?", 
      "type": 2, 
      "question_set": 1
    }
  }, 
  {
    "pk": 4, 
    "model": "step10.question", 
    "fields": {
      "text": "\u0414\u0430\u043b \u043b\u0438 \u0411\u043e\u0433 \u043c\u043d\u0435 \u0447\u0442\u043e-\u043d\u0438\u0431\u0443\u0434\u044c \u0442\u0430\u043a\u043e\u0435, \u0437\u0430 \u0447\u0442\u043e \u044f \u043c\u043e\u0433 \u0431\u044b \u0431\u044b\u0442\u044c \u0431\u043b\u0430\u0433\u043e\u0434\u0430\u0440\u0435\u043d \u0441\u0435\u0433\u043e\u0434\u043d\u044f\u0448\u043d\u0435\u043c\u0443 \u0434\u043d\u044e?", 
      "type": 1, 
      "question_set": 1
    }
  }, 
  {
    "pk": 5, 
    "model": "step10.question", 
    "fields": {
      "text": "\u0412\u0435\u0440\u044e \u043b\u0438 \u044f, \u0447\u0442\u043e \u043c\u043e\u044f \u0412\u044b\u0441\u0448\u0430\u044f \u0421\u0438\u043b\u0430 \u043c\u043e\u0436\u0435\u0442 \u043d\u0430\u0443\u0447\u0438\u0442\u044c \u043c\u0435\u043d\u044f \u0436\u0438\u0442\u044c \u0438 \u0441\u043b\u0435\u0434\u043e\u0432\u0430\u0442\u044c \u0435\u0435 \u0432\u043e\u043b\u0435?", 
      "type": 1, 
      "question_set": 1
    }
  }, 
  {
    "pk": 6, 
    "model": "step10.question", 
    "fields": {
      "text": "\u0417\u0430\u043c\u0435\u0447\u0430\u044e \u043b\u0438 \u044f \u043a\u0430\u043a\u0438\u0435-\u0442\u043e \u201c\u0441\u0442\u0430\u0440\u044b\u0435 \u0448\u0430\u0431\u043b\u043e\u043d\u044b\u201d \u0432 \u043c\u043e\u0435\u0439 \u0436\u0438\u0437\u043d\u0438 \u0441\u0435\u0433\u043e\u0434\u043d\u044f?", 
      "type": 1, 
      "question_set": 1
    }
  }, 
  {
    "pk": 7, 
    "model": "step10.question", 
    "fields": {
      "text": "\u044b\u043b \u043b\u0438 \u044f \u043e\u0431\u0438\u0434\u0447\u0438\u0432, \u044d\u0433\u043e\u0438\u0441\u0442\u0438\u0447\u0435\u043d, \u043d\u0435\u0447\u0435\u0441\u0442\u0435\u043d \u0438\u043b\u0438 \u0442\u0440\u0443\u0441\u043b\u0438\u0432?", 
      "type": 1, 
      "question_set": 1
    }
  }, 
  {
    "pk": 8, 
    "model": "step10.question", 
    "fields": {
      "text": "\u041d\u0435 \u043e\u0431\u043c\u0430\u043d\u0443\u043b \u043b\u0438 \u044f \u0441\u0430\u043c \u0441\u0435\u0431\u044f \u0432 \u0441\u0432\u043e\u0438\u0445 \u043e\u0436\u0438\u0434\u0430\u043d\u0438\u044f\u0445?", 
      "type": 1, 
      "question_set": 1
    }
  }, 
  {
    "pk": 9, 
    "model": "step10.question", 
    "fields": {
      "text": "\u0411\u044b\u043b \u043b\u0438 \u044f \u0434\u043e\u0431\u0440\u044b\u043c \u0438 \u043b\u044e\u0431\u044f\u0449\u0438\u043c \u043a\u043e \u0432\u0441\u0435\u043c?", 
      "type": 1, 
      "question_set": 1
    }
  }, 
  {
    "pk": 10, 
    "model": "step10.question", 
    "fields": {
      "text": "\u0418\u0441\u043f\u044b\u0442\u044b\u0432\u0430\u043b \u043b\u0438 \u044f \u0431\u0435\u0441\u043f\u043e\u043a\u043e\u0439\u0441\u0442\u0432\u043e \u043e \u0432\u0447\u0435\u0440\u0430\u0448\u043d\u0435\u043c \u0438\u043b\u0438 \u0437\u0430\u0432\u0442\u0440\u0430\u0448\u043d\u0435\u043c \u0434\u043d\u0435?", 
      "type": 1, 
      "question_set": 1
    }
  }, 
  {
    "pk": 11, 
    "model": "step10.question", 
    "fields": {
      "text": "\u041f\u043e\u0437\u0432\u043e\u043b\u0438\u043b \u043b\u0438 \u044f \u043a\u0430\u043a\u043e\u0439-\u043b\u0438\u0431\u043e \u043d\u0430\u0432\u044f\u0437\u0447\u0438\u0432\u043e\u0439 \u0438\u0434\u0435\u0435 \u0437\u0430\u0432\u043b\u0430\u0434\u0435\u0442\u044c \u043c\u043d\u043e\u044e?", 
      "type": 1, 
      "question_set": 1
    }
  }, 
  {
    "pk": 12, 
    "model": "step10.question", 
    "fields": {
      "text": "\u041f\u043e\u0437\u0432\u043e\u043b\u0438\u043b \u043b\u0438 \u044f \u0441\u0435\u0431\u0435 \u0431\u044b\u0442\u044c \u0441\u043b\u0438\u0448\u043a\u043e\u043c \u0433\u043e\u043b\u043e\u0434\u043d\u044b\u043c, \u0437\u043b\u044b\u043c, \u0443\u043d\u044b\u043b\u044b\u043c \u0438\u043b\u0438 \u0443\u0441\u0442\u0430\u043b\u044b\u043c?", 
      "type": 1, 
      "question_set": 1
    }
  }, 
  {
    "pk": 13, 
    "model": "step10.question", 
    "fields": {
      "text": "\u041d\u0435 \u0432\u043e\u0441\u043f\u0440\u0438\u043d\u0438\u043c\u0430\u044e \u043b\u0438 \u044f \u0441\u0435\u0431\u044f \u0441\u043b\u0438\u0448\u043a\u043e\u043c \u0441\u0435\u0440\u044c\u0435\u0437\u043d\u043e \u0432 \u043e\u0442\u043d\u043e\u0448\u0435\u043d\u0438\u0438 \u043a\u0430\u043a\u043e\u0439-\u0442\u043e \u0441\u0442\u043e\u0440\u043e\u043d\u044b \u043c\u043e\u0435\u0439 \u0436\u0438\u0437\u043d\u0438?", 
      "type": 1, 
      "question_set": 1
    }
  }, 
  {
    "pk": 14, 
    "model": "step10.question", 
    "fields": {
      "text": "\u041d\u0435 \u0441\u0442\u0440\u0430\u0434\u0430\u044e \u043b\u0438 \u044f \u043e\u0442 \u043a\u0430\u043a\u0438\u0445-\u0442\u043e \u0444\u0438\u0437\u0438\u0447\u0435\u0441\u043a\u0438\u0445, \u0443\u043c\u0441\u0442\u0432\u0435\u043d\u043d\u044b\u0445 \u0438\u043b\u0438 \u0434\u0443\u0445\u043e\u0432\u043d\u044b\u0445 \u043f\u0440\u043e\u0431\u043b\u0435\u043c?", 
      "type": 1, 
      "question_set": 1
    }
  }, 
  {
    "pk": 15, 
    "model": "step10.question", 
    "fields": {
      "text": "\u041d\u0435 \u0443\u043c\u043e\u043b\u0447\u0430\u043b \u043b\u0438 \u044f \u043e \u0447\u0435\u043c-\u043b\u0438\u0431\u043e \u0442\u0430\u043a\u043e\u043c, \u043e \u0447\u0435\u043c \u043d\u0435\u043f\u0440\u0435\u043c\u0435\u043d\u043d\u043e \u0434\u043e\u043b\u0436\u0435\u043d \u0431\u044b\u043b \u043f\u043e\u0441\u043e\u0432\u0435\u0442\u043e\u0432\u0430\u0442\u044c\u0441\u044f \u0441\u043e \u0441\u043f\u043e\u043d\u0441\u043e\u0440\u043e\u043c?", 
      "type": 1, 
      "question_set": 1
    }
  }, 
  {
    "pk": 16, 
    "model": "step10.question", 
    "fields": {
      "text": "\u0411\u044b\u043b\u0438 \u043b\u0438 \u0443 \u043c\u0435\u043d\u044f \u0441\u0435\u0433\u043e\u0434\u043d\u044f \u043a\u0430\u043a\u0438\u0435-\u0442\u043e \u044d\u043a\u0441\u0442\u0440\u0435\u043c\u0430\u043b\u044c\u043d\u044b\u0435 \u043e\u0449\u0443\u0449\u0435\u043d\u0438\u044f? \u0427\u0442\u043e \u044d\u0442\u043e \u0431\u044b\u043b\u0438 \u0437\u0430 \u043e\u0449\u0443\u0449\u0435\u043d\u0438\u044f \u0438 \u0438\u0437-\u0437\u0430 \u0447\u0435\u0433\u043e?", 
      "type": 1, 
      "question_set": 1
    }
  }, 
  {
    "pk": 17, 
    "model": "step10.question", 
    "fields": {
      "text": "\u041a\u0430\u043a\u0438\u0435 \u043f\u0440\u043e\u0431\u043b\u0435\u043c\u044b \u0441\u0443\u0449\u0435\u0441\u0442\u0432\u0443\u044e\u0442 \u0432 \u043c\u043e\u0435\u0439 \u0441\u0435\u0433\u043e\u0434\u043d\u044f\u0448\u043d\u0435\u0439 \u0436\u0438\u0437\u043d\u0438?", 
      "type": 2, 
      "question_set": 1
    }
  }, 
  {
    "pk": 18, 
    "model": "step10.question", 
    "fields": {
      "text": "\u041a\u0430\u043a\u0438\u0435 \u0438\u0437 \u043c\u043e\u0438\u0445 \u043d\u0435\u0434\u043e\u0441\u0442\u0430\u0442\u043a\u043e\u0432 \u043f\u0440\u043e\u044f\u0432\u0438\u043b\u0438\u0441\u044c \u0432 \u043c\u043e\u0435\u0439 \u0441\u0435\u0433\u043e\u0434\u043d\u044f\u0448\u043d\u0435\u0439 \u0436\u0438\u0437\u043d\u0438? \u041a\u0430\u043a \u0438\u043c\u0435\u043d\u043d\u043e?", 
      "type": 2, 
      "question_set": 1
    }
  }, 
  {
    "pk": 19, 
    "model": "step10.question", 
    "fields": {
      "text": "\u0411\u044b\u043b \u043b\u0438 \u0441\u0442\u0440\u0430\u0445 \u0432 \u043c\u043e\u0435\u0439 \u0441\u0435\u0433\u043e\u0434\u043d\u044f\u0448\u043d\u0435\u0439 \u0436\u0438\u0437\u043d\u0438?", 
      "type": 1, 
      "question_set": 1
    }
  }, 
  {
    "pk": 20, 
    "model": "step10.question", 
    "fields": {
      "text": "\u0427\u0442\u043e \u044f \u0441\u0434\u0435\u043b\u0430\u043b \u0441\u0435\u0433\u043e\u0434\u043d\u044f \u0442\u0430\u043a\u043e\u0433\u043e, \u0447\u0442\u043e \u0431\u044b\u043b\u043e \u043f\u0440\u043e\u0442\u0438\u0432\u043d\u043e \u043c\u043e\u0438\u043c \u0436\u0435\u043b\u0430\u043d\u0438\u044f\u043c?", 
      "type": 2, 
      "question_set": 1
    }
  }, 
  {
    "pk": 21, 
    "model": "step10.question", 
    "fields": {
      "text": "\u0427\u0442\u043e \u044f \u0441\u0435\u0433\u043e\u0434\u043d\u044f \u043d\u0435 \u0441\u0434\u0435\u043b\u0430\u043b \u0438\u0437 \u0442\u043e\u0433\u043e, \u0447\u0442\u043e \u0445\u043e\u0442\u0435\u043b\u043e\u0441\u044c \u0431\u044b?", 
      "type": 2, 
      "question_set": 1
    }
  }, 
  {
    "pk": 22, 
    "model": "step10.question", 
    "fields": {
      "text": "\u0413\u043e\u0442\u043e\u0432 \u043b\u0438 \u044f \u043a \u0438\u0437\u043c\u0435\u043d\u0435\u043d\u0438\u044f\u043c?", 
      "type": 1, 
      "question_set": 1
    }
  }, 
  {
    "pk": 23, 
    "model": "step10.question", 
    "fields": {
      "text": "\u0411\u044b\u043b\u0438 \u043b\u0438 \u0443 \u043c\u0435\u043d\u044f \u0441\u0435\u0433\u043e\u0434\u043d\u044f \u0441 \u043a\u0435\u043c-\u0442\u043e \u043a\u043e\u043d\u0444\u043b\u0438\u043a\u0442\u044b? \u041a\u0430\u043a\u0438\u0435 \u0438\u043c\u0435\u043d\u043d\u043e?", 
      "type": 2, 
      "question_set": 1
    }
  }, 
  {
    "pk": 24, 
    "model": "step10.question", 
    "fields": {
      "text": "\u041f\u043e\u0434\u0434\u0435\u0440\u0436\u0438\u0432\u0430\u044e \u043b\u0438 \u044f \u0441\u043e\u0431\u0441\u0442\u0432\u0435\u043d\u043d\u0443\u044e \u0447\u0435\u0441\u0442\u043d\u043e\u0441\u0442\u044c \u0432 \u043e\u0442\u043d\u043e\u0448\u0435\u043d\u0438\u044f\u0445 \u0441 \u0434\u0440\u0443\u0433\u0438\u043c\u0438 \u043b\u044e\u0434\u044c\u043c\u0438?", 
      "type": 1, 
      "question_set": 1
    }
  }, 
  {
    "pk": 25, 
    "model": "step10.question", 
    "fields": {
      "text": "\u041d\u0435 \u043d\u0430\u0432\u0440\u0435\u0434\u0438\u043b \u043b\u0438 \u044f \u0441\u0435\u0433\u043e\u0434\u043d\u044f \u0441\u0435\u0431\u0435 \u0441\u0430\u043c\u043e\u043c\u0443 \u0438\u043b\u0438 \u043a\u043e\u043c\u0443-\u0442\u043e \u0434\u0440\u0443\u0433\u043e\u043c\u0443 \u043f\u0440\u044f\u043c\u043e \u0438\u043b\u0438 \u043a\u043e\u0441\u0432\u0435\u043d\u043d\u043e? \u0412 \u0447\u0435\u043c \u0438\u043c\u0435\u043d\u043d\u043e?", 
      "type": 1, 
      "question_set": 1
    }
  }, 
  {
    "pk": 26, 
    "model": "step10.question", 
    "fields": {
      "text": "\u041d\u0435\u0442 \u043b\u0438 \u0437\u0430 \u043c\u043d\u043e\u0439 \u043a\u0430\u043a\u0438\u0445-\u0442\u043e \u043d\u0435\u0432\u044b\u043f\u043e\u043b\u043d\u0435\u043d\u043d\u044b\u0445 \u043e\u0431\u0435\u0449\u0430\u043d\u0438\u0439 \u0438\u043b\u0438 \u043a\u043b\u044f\u0442\u0432?", 
      "type": 1, 
      "question_set": 1
    }
  }, 
  {
    "pk": 27, 
    "model": "step10.question", 
    "fields": {
      "text": "\u0412 \u0447\u0435\u043c \u044f \u043e\u0448\u0438\u0431\u0441\u044f? \u0415\u0441\u043b\u0438 \u0431\u044b \u0432\u0441\u0435 \u0432\u0435\u0440\u043d\u0443\u0442\u044c \u043d\u0430\u0437\u0430\u0434, \u0447\u0442\u043e \u0431\u044b \u044f \u0441\u0434\u0435\u043b\u0430\u043b \u043f\u043e-\u0434\u0440\u0443\u0433\u043e\u043c\u0443? \u0427\u0442\u043e \u0438\u043c\u0435\u043d\u043d\u043e \u044f \u0441\u043c\u043e\u0433\u0443 \u0441\u0434\u0435\u043b\u0430\u0442\u044c \u043b\u0443\u0447\u0448\u0435 \u0432 \u0441\u043b\u0435\u0434\u0443\u044e\u0449\u0438\u0439 \u0440\u0430\u0437?", 
      "type": 2, 
      "question_set": 1
    }
  }, 
  {
    "pk": 28, 
    "model": "step10.question", 
    "fields": {
      "text": "\u041e\u0441\u0442\u0430\u0432\u0430\u043b\u0441\u044f \u043b\u0438 \u044f \u0441\u0435\u0433\u043e\u0434\u043d\u044f \u0447\u0438\u0441\u0442\u044b\u043c?", 
      "type": 1, 
      "question_set": 1
    }
  }, 
  {
    "pk": 29, 
    "model": "step10.question", 
    "fields": {
      "text": "\u0427\u0442\u043e \u044d\u0442\u043e \u0431\u044b\u043b\u0438 \u0437\u0430 \u0447\u0443\u0432\u0441\u0442\u0432\u0430, \u043a\u043e\u0442\u043e\u0440\u044b\u0435 \u044f \u0438\u0441\u043f\u044b\u0442\u044b\u0432\u0430\u043b \u0441\u0435\u0433\u043e\u0434\u043d\u044f? \u041e\u0431\u0440\u0430\u0449\u0430\u043b \u043b\u0438 \u044f \u043d\u0430 \u043d\u0438\u0445 \u0432\u043d\u0438\u043c\u0430\u043d\u0438\u0435, \u0434\u0435\u0439\u0441\u0442\u0432\u0443\u044f \u0432 \u0441\u043e\u043e\u0442\u0432\u0435\u0442\u0441\u0442\u0432\u0438\u0438 \u0441 \u043e\u043f\u0440\u0435\u0434\u0435\u043b\u0435\u043d\u043d\u044b\u043c\u0438 \u043f\u0440\u0438\u043d\u0446\u0438\u043f\u0430\u043c\u0438?", 
      "type": 2, 
      "question_set": 1
    }
  }, 
  {
    "pk": 30, 
    "model": "step10.question", 
    "fields": {
      "text": "\u0427\u0442\u043e \u044f \u0441\u0434\u0435\u043b\u0430\u043b \u0441\u0435\u0433\u043e\u0434\u043d\u044f \u0442\u0430\u043a\u043e\u0433\u043e, \u0447\u0442\u043e \u043f\u0440\u0438\u043d\u0435\u0441\u043b\u043e \u043f\u043e\u043b\u044c\u0437\u0443 \u0434\u0440\u0443\u0433\u0438\u043c?", 
      "type": 2, 
      "question_set": 1
    }
  }, 
  {
    "pk": 31, 
    "model": "step10.question", 
    "fields": {
      "text": "\u0427\u0442\u043e \u044f \u0441\u0434\u0435\u043b\u0430\u043b \u0441\u0435\u0433\u043e\u0434\u043d\u044f \u0442\u0430\u043a\u043e\u0433\u043e, \u043e \u0447\u0435\u043c \u043c\u043d\u0435 \u043f\u0440\u0438\u044f\u0442\u043d\u043e \u0432\u0441\u043f\u043e\u043c\u043d\u0438\u0442\u044c?", 
      "type": 2, 
      "question_set": 1
    }
  }, 
  {
    "pk": 32, 
    "model": "step10.question", 
    "fields": {
      "text": "\u0427\u0442\u043e \u043f\u0440\u0438\u043d\u0435\u0441\u043b\u043e \u043c\u043d\u0435 \u0443\u0434\u043e\u0432\u043b\u0435\u0442\u0432\u043e\u0440\u0435\u043d\u0438\u0435 \u0441\u0435\u0433\u043e\u0434\u043d\u044f?", 
      "type": 2, 
      "question_set": 1
    }
  }, 
  {
    "pk": 33, 
    "model": "step10.question", 
    "fields": {
      "text": "\u0427\u0442\u043e \u044f \u0434\u0435\u043b\u0430\u043b \u0441\u0435\u0433\u043e\u0434\u043d\u044f \u0442\u0430\u043a\u043e\u0433\u043e, \u0447\u0442\u043e \u043c\u043d\u0435 \u043e\u0431\u044f\u0437\u0430\u0442\u0435\u043b\u044c\u043d\u043e \u0437\u0430\u0445\u043e\u0447\u0435\u0442\u0441\u044f \u043f\u043e\u0432\u0442\u043e\u0440\u0438\u0442\u044c? ", 
      "type": 2, 
      "question_set": 1
    }
  }, 
  {
    "pk": 34, 
    "model": "step10.question", 
    "fields": {
      "text": "\u0425\u043e\u0434\u0438\u043b \u043b\u0438 \u044f \u0441\u0435\u0433\u043e\u0434\u043d\u044f \u043d\u0430 \u0441\u043e\u0431\u0440\u0430\u043d\u0438\u0435 \u0438\u043b\u0438 \u0440\u0430\u0437\u0433\u043e\u0432\u0430\u0440\u0438\u0432\u0430\u043b \u043b\u0438 \u044f \u0441\u0435\u0433\u043e\u0434\u043d\u044f \u0441 \u0434\u0440\u0443\u0433\u0438\u043c\u0438 \u0432\u044b\u0437\u0434\u043e\u0440\u0430\u0432\u043b\u0438\u0432\u0430\u044e\u0449\u0438\u043c\u0438 \u043d\u0430\u0440\u043a\u043e\u043c\u0430\u043d\u0430\u043c\u0438?", 
      "type": 1, 
      "question_set": 1
    }
  }, 
  {
    "pk": 35, 
    "model": "step10.question", 
    "fields": {
      "text": "\u0417\u0430 \u0447\u0442\u043e \u044f \u0431\u043b\u0430\u0433\u043e\u0434\u0430\u0440\u0435\u043d \u0441\u0435\u0433\u043e\u0434\u043d\u044f\u0448\u043d\u0435\u043c\u0443 \u0434\u043d\u044e?", 
      "type": 2, 
      "question_set": 1
    }
  }, 
  {
    "pk": 1, 
    "model": "step10.answerset", 
    "fields": {
      "date": "2010-11-20", 
      "count": 0, 
      "author": 1
    }
  }, 
  {
    "pk": 1, 
    "model": "step10.savedanswer", 
    "fields": {
      "answer": "ad", 
      "question": 2, 
      "answer_set": 1
    }
  }, 
  {
    "pk": 2, 
    "model": "step10.savedanswer", 
    "fields": {
      "answer": "ffdgdfg", 
      "question": 3, 
      "answer_set": 1
    }
  }, 
  {
    "pk": 3, 
    "model": "step10.savedanswer", 
    "fields": {
      "answer": "Yes", 
      "question": 1, 
      "answer_set": 1
    }
  }, 
  {
    "pk": 4, 
    "model": "step10.savedanswer", 
    "fields": {
      "answer": "dfgdfgdfg", 
      "question": 4, 
      "answer_set": 1
    }
  }
]